<?xml version="1.0" encoding="UTF-8"?>  
<beans xmlns="http://www.springframework.org/schema/beans"  
       xmlns:xsi="http://www.w3.org/2001/XMLSchema-instance"  
       xmlns:p="http://www.springframework.org/schema/p"  
       xmlns:context="http://www.springframework.org/schema/context"
       xmlns:mvc="http://www.springframework.org/schema/mvc"
       xmlns:tx="http://www.springframework.org/schema/tx"  
       xsi:schemaLocation="http://www.springframework.org/schema/mvc http://www.springframework.org/schema/mvc/spring-mvc.xsd
		http://www.springframework.org/schema/beans http://www.springframework.org/schema/beans/spring-beans.xsd
		http://www.springframework.org/schema/aop http://www.springframework.org/schema/aop/spring-aop.xsd
		http://www.springframework.org/schema/context http://www.springframework.org/schema/context/spring-context.xsd
		http://www.springframework.org/schema/jee http://www.springframework.org/schema/jee/spring-jee.xsd
                http://www.springframework.org/schema/lang http://www.springframework.org/schema/lang/spring-lang.xsd
                http://www.springframework.org/schema/util http://www.springframework.org/schema/util/spring-util.xsd
		http://www.springframework.org/schema/tx http://www.springframework.org/schema/tx/spring-tx.xsd"> 
  
    
    <context:annotation-config />  
    <!-- Provide support for component scanning -->  
    <context:component-scan base-package="com.upcidcosociety.*" />  
    <!--    Provide support for conversion, formatting and validation  --> 
    <mvc:annotation-driven/>  
    <mvc:resources location="/WEB-INF/jsp/assets/" mapping="assets/**" cache-period="31556926" /> 
    <bean id="viewResolver" class="org.springframework.web.servlet.view.tiles3.TilesViewResolver"/>  
    <bean id="tilesConfigurer" class="org.springframework.web.servlet.view.tiles3.TilesConfigurer">  
        <property name="definitions">  
            <list>  
                <value>/WEB-INF/tiles/tiles.xml</value>  
            </list>  
        </property>
    </bean>  

    <bean class="org.springframework.web.servlet.mvc.annotation.AnnotationMethodHandlerAdapter">
        <property name="messageConverters">
            <list>
                <bean class="org.springframework.http.converter.json.MappingJackson2HttpMessageConverter"/>
            </list>
        </property>
    </bean>
    <bean id="dataSource" class="org.apache.commons.dbcp.BasicDataSource">  
        <property name="driverClassName"  value="com.mysql.jdbc.Driver"></property>  
        <property name="url" value="jdbc:mysql://localhost:3306/upcidcopsociety"></property>  
        <property name="username" value="root"></property>  
        <property name="password" value=""></property>
          
    </bean>
    <bean id="sessionFactory"  class="org.springframework.orm.hibernate4.LocalSessionFactoryBean">
        <property name="dataSource" ref="dataSource"></property>  
      
        <property name="packagesToScan" value="com.upcidcosociety.dtob"/>
        <property name="hibernateProperties">  
            <props>  
                <prop key="hibernate.dialect">org.hibernate.dialect.MySQL5Dialect</prop>  
                <prop key="hibernate.hbm2ddl.auto">update</prop>  
                <prop key="hibernate.show_sql">true</prop>
            </props>  
        </property>  
    </bean>  
      
</beans>  
