<?xml version="1.0" encoding="UTF-8" ?>  
<!DOCTYPE tiles-definitions PUBLIC  
       "-//Apache Software Foundation//DTD Tiles Configuration 2.0//EN"  
       "http://tiles.apache.org/dtds/tiles-config_2_0.dtd">  
<!--       base.definition-->
<tiles-definitions>  
    <definition name="mainTemplate" template="/WEB-INF/tilesTemplate/jsp/mainTemplate.jsp">  
        <put-attribute name="title" value="" />  
        <put-attribute name="header" value="/WEB-INF/jsp/header.jsp" />  
        <put-attribute name="menu" value="/WEB-INF/jsp/menu.jsp" />  
        <put-attribute name="body" value="" />  
        <put-attribute name="footer" value="/WEB-INF/jsp/footer.jsp" />  
    </definition>  
     <definition name="IndexTemplate" template="/WEB-INF/tilesTemplate/jsp/indexTemplate.jsp">
        <put-attribute name="title" value="" />  
        <put-attribute name="body" value="" />  
    </definition>
    
    <definition name="index" extends="IndexTemplate">
        <put-attribute name="title" value="Index" />
        <put-attribute name="body" value="/WEB-INF/jsp/index.jsp" />
    </definition>
    
    <definition name="contact" extends="mainTemplate">  
        <put-attribute name="title" value="Contact Manager" />  
        <put-attribute name="body" value="/WEB-INF/jsp/contact.jsp" />  
    </definition>  
  
    <definition name="hello" extends="mainTemplate">  
        <put-attribute name="title" value="Hello Spring MVC" />  
        <put-attribute name="body" value="/WEB-INF/jsp/hello.jsp" />  
    </definition>  
      <definition name="category" extends="IndexTemplate">  
        <put-attribute name="title" value="Hello Spring MVC" />  
        <put-attribute name="body" value="/WEB-INF/jsp/category.jsp" />  
    </definition>  
    
      <definition name="employee" extends="IndexTemplate">  
        <put-attribute name="title" value="Hello Spring MVC" />  
        <put-attribute name="body" value="/WEB-INF/jsp/employee.jsp" />  
    </definition>
    
      <definition name="pages" extends="IndexTemplate">  
        <put-attribute name="title" value="Hello Spring MVC" />  
        <put-attribute name="body" value="/WEB-INF/jsp/pages.jsp" />  
    </definition> 
  
</tiles-definitions>  

<!--<root>
    
</root>-->
